[
    {
      "id": null,
      "textContent": "eBird Record FAQ"
    },
    {
      "id": null,
      "textContent": "What is eBird?"
    },
    {
      "id": null,
      "textContent": "eBird"
    },
    {
      "id": null,
      "textContent": "is an online platform for sharing bird observation data, managed by the Cornell Lab of Ornithology."
    },
    {
      "id": null,
      "textContent": "What is an eBird Record File?"
    },
    {
      "id": null,
      "textContent": "The record file is a spreadsheet of bird observation data that can be imported into the eBird platform."
    },
    {
      "id": null,
      "textContent": "How does Chirpity organise my detections"
    },
    {
      "id": null,
      "textContent": "The application creates a checklist for each file associated with your export. These checklists contain a total of the call detections for each species in that file. Where you have entered a call count, this figure is used, otherwise one call is assumed."
    },
    {
      "id": null,
      "textContent": "The exported file contains a row of headers explaining what each column represents. You'll find"
    },
    {
      "id": null,
      "textContent": "further details"
    },
    {
      "id": null,
      "textContent": "on the eBird site."
    },
    {
      "id": null,
      "textContent": "Important:"
    },
    {
      "id": null,
      "textContent": "the header row needs to be deleted before you upload the file."
    },
    {
      "id": null,
      "textContent": "How do I upload my eBird record file?"
    },
    {
      "id": null,
      "textContent": "Visit"
    },
    {
      "id": null,
      "textContent": "eBird"
    },
    {
      "id": null,
      "textContent": "and sign up for or sign in to your eBird account. Once you have an account and are logged in go to"
    },
    {
      "id": null,
      "textContent": "the import form"
    },
    {
      "id": null,
      "textContent": "."
    },
    {
      "id": null,
      "textContent": "Click \"Choose file\" and select the file you have prepared"
    },
    {
      "id": null,
      "textContent": "Important:"
    },
    {
      "id": null,
      "textContent": "check \"eBird Record format (Extended)\""
    },
    {
      "id": null,
      "textContent": "Hit \"Import file\""
    },
    {
      "id": null,
      "textContent": "Why are there errors when I try to upload my record file?"
    },
    {
      "id": null,
      "textContent": "Firstly, make sure you have deleted the header row. eBird expects the first row in the file to contain an observation."
    },
    {
      "id": null,
      "textContent": "If this is not the problem, and you are seeing errors relating to species not being recognised, make sure the language preferences you have set in Chirpity match those you have set for your eBird account."
    },
    {
      "id": null,
      "textContent": "Why are Country and State/Province columns blank?"
    },
    {
      "id": null,
      "textContent": "These fields are optional in the eBird record format. Although the OpensStreetMap place lookup API used by Chirpity will give State and Country, it does not supply them in the format used by eBird. You can look up the correct format for your country and region in this"
    },
    {
      "id": null,
      "textContent": "spreadsheet"
    },
    {
      "id": null,
      "textContent": "."
    },
    {
      "id": null,
      "textContent": "Why did you choose eBird? Do you have plans to allow sharing with other sites?"
    },
    {
      "id": null,
      "textContent": "eBird is the simplest platform to use. This is because it has a published record format, and perhaps most importantly, the eBird taxonomy aligns to the one used by the both the BirdNET and Nocmig models."
    },
    {
      "id": null,
      "textContent": "I hope to offer the ability to share audio clips with Xeno-Canto in a future release. This depends on them releasing a suitable upload API."
    },
    {
      "id": null,
      "textContent": "The responsibility for checking the record file for accuracy is yours. Chirpity makes no guarantees whatsoever for the accuracy of any of the data in the record files. By using this feature, you acknowledge and agree to this."
    }
  ]