{
    "Add to Library on Save-circle-help": ["При включении аудиофайлы добавляются в библиотеку, когда обнаружения сохраняются в архив."],
    "Adjust font size-circle-help": ["Измените глобальные настройки размера шрифта для приложения."],
    "Audio Library-circle-help": ["Chirpity может организовать вашу аудиоколлекцию в постоянную библиотеку в выбранном вами месте, например на диске данных или сетевом хранилище. После сохранения вы можете удалить оригинальные файлы, а все записи будут доступны для просмотра в приложении. Чтобы сохранить аудио в библиотеку, вы можете перейти в меню 'Records' и выбрать 'Save Audio from Archive Results to Library' или включить опцию 'Add to Library on Save' ниже. Файлы будут сохранены в следующей структуре: <p><code>Место записи / Год / Месяц / Имя файла</code></p> 'Сжатый' звук требует около 1 ГБ памяти на 24 часа, а 'Без потерь' конвертирует файлы в формат FLAC, сохраняя оригинальное качество, битрейт и каналы, но уменьшая размер примерно вдвое."],
    "Audio notification-circle-help": ["При включении система будет отправлять уведомление после завершения анализа, который длится более тридцати секунд."],
    "Backend-circle-help": ["Бэкэнды webGL/webGPU могут улучшить производительность и снизить энергопотребление на некоторых системах."],
    "Batch Size-circle-help": ["Оптимизация размера пакета может увеличить скорость обработки длинных файлов."],
    "Clear Call Cache-circle-help": ["Данные, используемые для сравнения эталонных вызовов, кэшируются. Очистка кэша обновит вызовы для каждого вида при следующем запросе сравнения."],
    "Confidence Threshold-circle-help": ["Определяет минимальный уровень уверенности, необходимый для возвращения результатов."],
    "Context Mode-circle-help": ["При включении режим контекста адаптирует предсказания, анализируя окружающий контекст. Этот параметр можно изменить только до начала анализа, а для начального уровня уверенности рекомендуется низкий порог, например 20-30%. Контекстный режим недоступен в модели BirdNET."],
    "Crop Library-circle-help": ["При включении аудиофайлы, содержащие дневные периоды, обрезаются, и сохраняется только аудио в ночной период."],
    "Debug Mode-circle-help": ["Вход в режим отладки (изменения этого параметра требуют перезапуска Chirpity для вступления в силу)."],
    "Decorators-circle-help": ["'Pad' добавляет 2 секунды до и после выделения к экспортированному аудио. 'Fade' добавляет 1-секундный эффект затухания в начале и в конце аудио."],
    "Default Location-circle-help": ["Chirpity использует информацию о местоположении для определения времени рассвета и заката для записей."],
    "Default Settings-circle-help": ["Сбросьте настройки конфигурации на значения по умолчанию. Примечание: Перезапустите Chirpity, чтобы изменения вступили в силу. Настройки языка нужно будет установить вручную."],
    "Down mix-circle-help": ["При включении экспортированный звук будет преобразован в моно."],
    "High Pass Filter-circle-help": ["При настройке удаляет низкочастотный шум ниже установленного порога."],
    "IUCN-circle-help": ["При включении отображается актуальный статус оценки IUCN для каждого вида в сводке. Значок ведет на страницу оценки на сайте IUCN. Область оценки показывает региональную оценку вида (если доступно)."],
    "Language-circle-help": ["Выберите предпочитаемый язык для общепринятых названий птиц."],
    "List-circle-help": ["Фильтрует обнаружения, отображаемые в результатах. 'Местные птицы': исключает птиц, которых маловероятно встретить в вашем регионе. 'Ночные птицы': исключает пение птиц и виды, не вокализирующих ночью. В пользовательский список можно загрузить файл со списком видов для обнаружения."],
    "Low Shelf Filter-circle-help": ["При использовании уменьшает низкочастотный шум ниже частоты среза."],
    "Model-circle-help": ["Выберите, использовать ли модель Nocmig, оптимизированную для ночной миграции в Европе, или BirdNET, которая может обнаруживать более 6000 видов по всему миру."],
    "Nocmig Mode-circle-help": ["При включении этот режим 'Nocmig' ищет и отображает только обнаружения, сделанные ночью."],
    "Normalise-circle-help": ["При включении звук будет нормализован, расширяя динамический диапазон."],
    "Prevent system sleep-circle-help": ["При включении отключает переход системы в режим сна, пока используется Chirpity."],
    "Send Filtered Audio-circle-help": ["Передача звука с фильтрацией High Pass или Low Shelf в модель обычно снижает ее точность. Используйте эту опцию с осторожностью!"],
    "Show frequency labels-circle-help": ["При включении на спектрограмме будет отображаться частота слева."],
    "Signal to Noise Ratio-circle-help": ["Фильтр SNR, при включении, будет пропускать части аудио, где любой звуковой сигнал ниже порога. Более высокие значения пропускают более шумные сегменты. Хотя это приведет к более быстрой обработке, это считается <b><i>экспериментальной</i></b> функцией, и любое ненулевое значение может пропустить обнаружения. <b>Совет:</b> Чтобы найти подходящее значение SNR, проанализируйте короткий файл с самыми слабыми обнаружениями, которые вы можете уверенно идентифицировать. Увеличивайте значение SNR, пока обнаружение не перестанет фиксироваться. Как только вы найдете этот порог, уменьшите его до самого высокого уровня, который фиксирует обнаружение."],
    "Species Threshold-circle-help": ["Определите минимальную частоту появления вида в контрольных списках eBird для включения. Если включена опция 'Adjust list for the week of the year', список будет корректироваться для видов, ожидаемых в неделю записи."],
    "Threads-circle-help": ["Количество параллельных анализов. По умолчанию установлено равным числу ядер процессора для максимальной производительности. При использовании GPU-бэкэнда лучше установить меньшее значение, например 1-3."],
    "Use Location settings-circle-help": ["При включении фильтр 'Ночные птицы' учитывает настройки местоположения."],
    "Volume Adjustment-circle-help": ["Отрегулируйте громкость аудио для компенсации низкого уровня записи."],
    "navBarFile": ["Файл"],
    "navbarHelp": ["Помощь"],
    "navbarRecords": ["Записи"],
    "navbarAnalysis": ["Анализ"],
    "navbarSettings": ["Настройки"],
    "open-file": ["Открыть аудиофайл(ы)","Ctrl+O"
    ],
    "open-folder": ["Открыть папку(и)"],
    "saveCSV": ["Экспортировать результаты в CSV"],
    "save-eBird": ["Экспортировать файл записи eBird"],
    "save-Raven": ["Экспортировать таблицу выбора Raven"],
    "export-audio": ["Экспортировать выбранное аудио","Ctrl+E"
    ],
    "saveLabels": ["Сохранить метки Audacity"],
    "exit": ["Выход"],
    "save2db": ["Сохранить в архив","Ctrl+S"
    ],
    "charts": ["Просмотреть графики"],
    "explore": ["Изучить архив"],
    "chart-datefilter": ["Применить фильтр по дате"],
    "explore-datefilter": ["Применить фильтр по дате"],
    "active-analysis": ["Вернуться к анализу"],
    "compress-and-organise": ["Сохранить аудио из результатов архива в библиотеку"],
    "purge-file": ["Удалить текущий файл из архива"],
    "analyse": ["Анализировать текущий файл","Ctrl+A"
    ],
    "analyseSelection": ["Анализировать выбранный интервал"],
    "analyseAll": ["Анализировать все открытые файлы","Ctrl+Shift+A"
    ],
    "retrieve": ["Получить результаты для текущего файла"],
      "retrieveAll": ["Получить результаты для всех открытых файлов"],
    "reanalyse": ["Повторный анализ текущего файла"],
    "reanalyseAll": ["Повторный анализ всех открытых файлов"],
    "usage": ["Использование Chirpity"],
    "settingsHelp": ["Настройки"],
    "keyboardHelp": ["Горячие клавиши"],
    "diagnostics": ["Диагностика"],
    "startTour": ["Показать тур"],
    "bugs": ["Присоединиться к сообществу"],
    "FAQ": ["Часто задаваемые вопросы"],
    "species": ["Какие виды были обнаружены?"],
    "eBird": ["Что такое запись eBird?"],
    "update-progress": ["Загрузка обновления:"],
    "record-add": ["Добавить"],
    "record-dismiss": ["Отклонить"],
    "help-modal-close": ["Закрыть"],
    "export-list": ["Экспортировать включенный список"],
    "go": ["Вперёд"],
    "set-location": ["Установить местоположение"],
    "reset-spec-frequency": ["Сбросить"],
    "frequency-range-legend":["Частотный диапазон спектрограммы"],
    "list-file-selector": ["Выбрать файл"],
    "apply-location": ["Установить"],
    "cancel-location": ["Отмена"],
    "archive-location-select": ["Расположение библиотеки:"],
    "close-tour": ["Закрыть"],
    "settings": {
        "clear-call-cache": ["Очистить кэш справочных вызовов"],
        "reset-defaults": ["Сбросить настройки по умолчанию"],
        "model-to-use": "Модель:",
        "confidence": "Порог уверенности:",
        "list-to-use": "Список:",
        "local": "Использовать настройки местоположения",
        "species-frequency-threshold": "Порог вида",
        "species-week": "Корректировать список по неделе года",
        "nocmig": "Анализировать только ночные периоды.",
        "iucn": "Показать статус Красного списка IUCN в сводке по видам.",
        "iucn-scope": "Объем оценки:",
        "locale": "Язык:",
        "null": "Декораторы:",
        "tensorflow": "ЦПУ",
        "webgl": "WebGL",
        "webgpu": "WebGPU",
        "thread-slider": "Потоки:",
        "batch-size": "Размер партии:",
        "audio-notification": "Включить уведомления о завершении анализа",
        "power-save-block": "Запретить переход системы в спящий режим",
        "font": "Изменить размер шрифта",
        "gain": "Регулировка громкости:",
        "normalise": "Нормализовать аудио",
        "HighPassFrequency": "Фильтр верхних частот:",
        "lowShelfFrequency": "Частота среза:",
        "attenuation": "Аттенюация:",
        "format": "Формат:",
        "bitrate": "Битрейт:",
        "quality": "Сжатие:",
        "downmix": "Преобразовать в моно",
        "padding": "Заполнение",
        "fade": "Затухание",
        "auto-archive": "Добавить в библиотеку при сохранении",
        "library-trim": "Обрезать аудио библиотеки до ночных периодов",
        "archive-format": "Формат библиотеки:",
        "spec-labels": "Показать метки частоты:",
        "colourmap": "Цветовая карта:",
        "loud-color": "Цвет пика",
        "mid-color": "Цвет средней частоты",
        "quiet-color": "Тихий цвет",
        "color-threshold-slider": "Среднее положение:",
        "window-function": "Окно функции:",
        "timelineSetting": "Таймлайн:",
        "send-filtered-audio-to-model": "Отправить отфильтрованный звук на анализ",
        "context": "Контекстный режим",
        "snrValue": "Фильтр SNR:",
        "debug-mode": "Режим отладки"
    },
    "record-entry": {
        "record-entry-modal-label": "Редактировать запись",
        "call-count": "Количество птичьих звуков",
        "record-label": "Тип птичьего звука",
        "label-local": "Местный",
        "label-nocmig": "Nocmig",
        "label-unknown": "Не указано",
        "record-comment": "Комментарии",
        "record-add": "Добавить"
    },
    "headings": ["Настройки","Обнаружения",
        "Местоположение по умолчанию",
        "Система",
        "Настройки звука",
        "Фильтр Low Shelf",
        "Экспорт аудио",
        "Аудиобиблиотека",
        "Настройки спектрограммы",
        "Продвинутый"
    ]  
}
