{
    "Add to Library on Save-circle-help": ["Si se activa esta opción, las grabaciones se añadirán a la biblioteca cada vez que se guarden detecciones en el archivo."],
    "Adjust font size-circle-help": ["Cambia el tamaño de la letra para la aplicación."],
    "Audio Library-circle-help": ["Chirpity puede organizar los audios en una biblioteca permanente en la ubicación que elijas, como un disco de datos o una unidad de red. Una vez guardados, aunque se eliminen los archivos originales los registros seguirán visibles en la aplicación. Para guardar el audio en la biblioteca hay que ir al menú 'Registros' y elegir 'Guardar en la biblioteca los audios de los resultados' o bien activar la opción 'Añadir a la biblioteca al guardar' que aparece justo debajo. Las grabaciones se guardarán con la siguiente estructura: <p><code>Sitio de grabación / Año / Mes / Nombre del archivo</code></p> El audio 'con pérdida' (Lossy) requiere aproximadamente 1 GB de almacenamiento por cada 24 horas de grabación, mientras que el audio 'sin pérdida' (Lossless) convierte las grabaciones al formato FLAC, preservando la fidelidad, la tasa de bits y los canales originales, pero reduciendo el tamaño del archivo aproximadamente a la mitad."],
    "Audio notification-circle-help": ["Si se activa esta opción, aparecerá una notificación del sistema cuando finalicen los análisis que tarden más de treinta segundos."],
    "Backend-circle-help": ["La opción webGL/webGPU puede mejorar el rendimiento y reducir el consumo de energía en algunos equipos."],
    "Batch Size-circle-help": ["Optimizar el tamaño del lote puede aumentar la velocidad de procesamiento con archivos largos."],
    "Clear Call Cache-circle-help": ["Los datos utilizados para las comparaciones de reclamos de referencia se almacenan en la caché. Limpiar la caché actualizará los reclamos de cada especie la siguiente vez que se solicite una comparación."],
    "Confidence Threshold-circle-help": ["Determina la confianza mínima requerida para que se ofrezcan resultados."],
    "Context Mode-circle-help": ["Si se activa el modo contexto las predicciones tendrán en cuenta el entorno circundante. Solo se puede cambiar antes de un análisis y se recomienda un umbral de confianza inicial bajo, por ejemplo, del 20-30%. El modo contexto no está disponible en el modelo BirdNET."],
    "Crop Library-circle-help": ["Si se activa esta opción las grabaciones que contienen periodos diurnos se omiten, por lo que solo se guardarían los audios correspondientes a los periodos nocturnos."],
    "Debug Mode-circle-help": ["Pasa al modo de depuración (los cambios en esta configuración requieren reiniciar Chirpity para que surtan efecto)."],
    "Decorators-circle-help": ["'Rellenar' añade dos segundos antes y después de una selección al audio exportado. 'Desvanecer' añade un efecto de fundido de un segundo, tanto al inicio como al final del audio."],
    "Default Location-circle-help": ["Chirpity usa la ubicación para ajustar la hora de la salida y la puesta de sol de las grabaciones."],
    "Default Settings-circle-help": ["Restaura los ajustes de configuración a sus valores predeterminados. Importante: hay que reiniciar Chirpity para que se produzcan los cambios; además, los ajustes del idioma deberán restablecerse manualmente."],
    "Down mix-circle-help": ["Si se activa, el audio exportado se pasará a mono."],
    "High Pass Filter-circle-help": ["Si se establece, elimina el ruido de baja frecuencia por debajo del umbral."],
    "IUCN-circle-help": ["Si se activa, se muestra la categoría más reciente de la Lista roja de la IUCN para cada una de la especies del resumen. El icono enlaza con la página de la especie de la web de la IUCN. El área mostrará la categoría de la especie en esa región (si estuviese disponible)."],
    "Language-circle-help": ["Selecciona el idioma que prefieras para los nombres comunes de las aves."],
    "List-circle-help": ["Filtra las detecciones ofrecidas en los resultados. Aves de la zona: omite todas las especies que probablemente no se encuentren en tu zona. Paso nocturno: omite todas las especies que se cree que no reclaman por la noche. La lista personalizada te permite subir un archivo que contenga las especies que desees detectar."],
    "Low Shelf Filter-circle-help": ["Si se utiliza, atenúa los sonidos graves por debajo de la frecuencia de corte."],
    "Model-circle-help": ["Selecciona si deseas usar el modelo Nocmig (optimizado para reclamos de migración nocturna en Europa) o BirdNET, que puede identificar más de seis mil especies de todo el mundo."],
    "Nocmig Mode-circle-help": ["Si se activa el 'modo Nocmig' sólo se buscarán y se mostrarán detecciones que se localicen durante la noche."],
    "Normalise-circle-help": ["Si se activa, el audio que escuchas se normalizará, ampliando el rango dinámico."],
    "Prevent system sleep-circle-help": ["Si se activa, evita que el sistema se ponga en reposo cuando esté funcionando Chirpity."],
    "Send Filtered Audio-circle-help": ["Enviar audios filtrados con 'Paso alto' o 'Atenuación de graves' puede afectar negativamente a la precisión. Hay que usar esta opción con cuidado."],
    "Show frequency labels-circle-help": ["Si se activa se mostrarán los valores de la frecuencia del sonograma en el eje vertical."],
    "Signal to Noise Ratio-circle-help": ["Si se activa el filtro SNR, se omitirá cualquier sonido que esté por debajo del umbral. Los valores altos del filtro omiten sonidos más ruidosos. Aunque esto implique que el procesamiento sea más rápido, debe usarse con cuidado <b><i>experimental</i></b> puesto que cualquier valor distinto de cero puede excluir detecciones. <b>Consejo:</b> Para encontrar un valor de SNR adecuado realiza primero un análisis en un audio corto con las detecciones más tenues que puedas identificar con confianza. Luego ve aumentando el valor del SNR hasta que no detectes nada. Una vez que encuentres este umbral, modifícalo al nivel más alto que sea capaz de identificar la especie del ejemplo."],
    "Species Threshold-circle-help": ["Define la frecuencia mínima de la lista de verificación de eBird para la inclusión de las especies. Si se activa 'Ajustar la lista para la semana del año', la lista se ajustará para que se centre en las especies probables para la semana de grabación."],
    "Threads-circle-help": ["Indica el número de análisis paralelos que deberían ejecutarse. Por defecto se establece en el número de núcleos de la CPU del sistema con el fin de lograr un rendimiento más rápido. Con la opción GPU funciona mejor un número bajo; por ejemplo, 1-3."],
    "Use Location settings-circle-help": ["Si se activa, el filtro de 'Aves nocturnas' tendrá también en cuenta la ubicación."],
    "Volume Adjustment-circle-help": ["Ajusta el volumen del audio para compensar niveles bajos de grabación."],
    "navBarFile": ["Archivo"],
    "navbarHelp": ["Ayuda"],
    "navbarRecords": ["Registros"],
    "navbarAnalysis": ["Análisis"],
    "navbarSettings": ["Configuración"],
    "open-file": ["Abrir archivo(s) de audio","Ctrl+O"
    ],
    "open-folder": ["Abrir carpeta(s)"],
    "saveCSV": ["Exportar los resultados a CSV"],
    "save-eBird": ["Exportar como archivo de registro de eBird"],
    "save-Raven": ["Exportar como tabla de selección Raven"],
    "export-audio": ["Exportar el audio seleccionado","Ctrl+E"
    ],
    "saveLabels": ["Guardar etiquetas de Audacity"],
    "exit": ["Salir"],
    "save2db": ["Guardar en el archivo","Ctrl+S"
    ],
    "charts": ["Ver la gráfica"],
    "explore": ["Explorar el archivo"],
    "chart-datefilter": ["Aplicar un filtro de fecha"],
    "explore-datefilter": ["Aplicar un filtro de fecha"],
    "active-analysis": ["Volver al análisis activo"],
    "compress-and-organise": ["Guardar en la biblioteca los audios de los resultados"],
    "purge-file": ["Eliminar del archivo el registro actual"],
    "analyse": ["Analizar la grabación actual","Ctrl+A"
    ],
    "analyseSelection": ["Analizar el intervalo seleccionado"],
    "analyseAll": ["Analizar todas las grabaciones abiertas","Ctrl+Shift+A"
    ],
    "retrieve": ["Obtener resultados para la grabación actual"],
    "retrieveAll": ["Obtener resultados para todas las grabaciones abiertas"],
    "reanalyse": ["Reanalizar la grabación actual"],
    "reanalyseAll": ["Reanalizar todas las grabaciones abiertas"],
    "usage": ["Uso de Chirpity"],
    "settingsHelp": ["Configuraciones"],
    "keyboardHelp": ["Atajos de teclado"],
    "diagnostics": ["Diagnóstico"],
    "startTour": ["Aspectos básicos"],
    "bugs": ["Únete a la comunidad"],
    "FAQ": ["Preguntas frecuentes"],
    "species": ["¿Qué especies se detectan?"],
    "eBird": ["¿Qué es un registro de eBird?"],
    "update-progress": ["Descargando la actualización:"],
    "record-add": ["Añadir"],
    "record-dismiss": ["Descartar"],
    "help-modal-close": ["Cerrar"],
    "export-list": ["Exportar la lista incluida"],
    "go": ["Ir"],
    "set-location": ["Establecer ubicación"],
    "reset-spec-frequency": ["Restablecer"],
    "frequency-range-legend": ["Rango de frecuencia del espectrograma"],
    "list-file-selector": ["Seleccionar archivo"],
    "apply-location": ["Establecer"],
    "cancel-location": ["Cancelar"],
    "archive-location-select": ["Ubicación de la biblioteca:"],
    "close-tour": ["Cerrar"],
    "settings": {
      "clear-call-cache": ["Borrar la caché de los reclamos de referencia"],
      "reset-defaults": ["Volver a la configuración predeterminada"],
      "model-to-use": "Modelo:",
      "confidence": "Umbral de confianza:",
      "list-to-use": "Lista:",
      "local": "Usar configuraciones de ubicación",
      "species-frequency-threshold": "Umbral",
      "species-week": "Ajustar la lista para la semana del año",
      "nocmig": "Analizar solo períodos nocturnos.",
      "iucn": "Mostrar el estado de la Lista Roja de la UICN en el resumen de especies.",
      "iucn-scope": "Área:",
      "locale": "Idioma:",
      "null": "Adornos:",
      "tensorflow": "CPU",
      "webgl": "WebGL",
      "webgpu": "WebGPU",
      "thread-slider": "Hilos:",
      "batch-size": "Tamaño del lote:",
      "audio-notification": "Habilitar notificaciones de finalización de análisis",
      "power-save-block": "Evitar que el sistema entre en reposo",
      "gain": "Ajuste del volumen:",
      "font": "Ajustar el tamaño de la fuente",
      "normalise": "Normalizar el audio",
      "HighPassFrequency": "Filtro de paso alto:",
      "lowShelfFrequency": "Frecuencia de corte:",
      "attenuation": "Atenuación:",
      "format": "Formato:",
      "bitrate": "Tasa de bits:",
      "quality": "Compresión:",
      "downmix": "Convertir a mono",
      "padding": "Rellenar",
      "fade": "Desvanecer",
      "auto-archive": "Añadir a la biblioteca al guardar",
      "library-trim": "Limitar el audio de la biblioteca a períodos nocturnos",
      "archive-format": "Formato de la biblioteca:",
      "spec-labels": "Mostrar etiquetas de frecuencia:",
      "colourmap": "Mapa de colores:",
      "loud-color": "Color de sonidos fuertes",
      "mid-color": "Color de sonidos medios",
      "quiet-color": "Color de sonidos débiles",
      "color-threshold-slider": "Posición media:",
      "window-function": "Ventana:",
      "timelineSetting": "Línea del tiempo:",
      "send-filtered-audio-to-model": "Enviar audio filtrado para el análisis",
      "context": "Modo contexto",
      "snrValue": "Filtro SNR:",
      "debug-mode": "Modo depuración"
    },
    "record-entry": {
      "record-entry-modal-label": "Editar registro",
      "call-count": "Número de reclamos",
      "record-label": "Tipo de reclamos",
      "label-local": "Local",
      "label-nocmig": "Nocmig",
      "label-unknown": "No especificado",
      "record-comment": "Comentarios",
      "record-add": "Agregar"
  },
    "headings": ["Configuración","Detecciones",
      "Ubicación predeterminada",
      "Sistema",
      "Preferencias de audio",
      "Atenuación de graves",
      "Exportación de audio",
      "Biblioteca de audio",
      "Preferencias del sonograma",
      "Avanzado"
    ]   
}