{
    "Add to Library on Save-circle-help": ["När aktiverat, läggs ljudfiler till i bibliotekets plats när detekteringar sparas till arkivet."],
    "Adjust font size-circle-help": ["Ändra de globala teckensnittsstorleksinställningarna för applikationen."],
    "Audio Library-circle-help": ["Chirpity kan organisera ditt ljud i ett permanent bibliotek på en plats du väljer, såsom en datadisk eller nätverksenhet. När det är sparat kan du ta bort originalfilerna, och alla poster kommer att vara synliga i applikationen. För att spara ljud i biblioteket kan du antingen gå till menyn Poster och välja 'Spara ljud från arkivresultat till bibliotek', eller aktivera alternativet 'Lägg till i bibliotek vid sparande' nedan. Filer kommer att lagras i följande struktur: <p><code>Inspelningsplats / År / Månad / Filnamn</code></p> 'Lossy' ljud kräver cirka 1 GB lagring per 24 timmar, medan 'Lossless' konverterar filer till FLAC-format, vilket bevarar original kvalitet, bitrate och kanaler, men ungefär halverar filstorleken."],
    "Audio notification-circle-help": ["När aktiverat, kommer det finnas en systemavisering när analyser som tar över trettio sekunder är färdiga."],
    "Backend-circle-help": ["WebGL/webGPU-backend kan förbättra prestandan och minska strömförbrukningen på vissa system."],
    "Batch Size-circle-help": ["Optimera batchstorleken kan öka bearbetningshastigheten för längre filer."],
    "Clear Call Cache-circle-help": ["Data som används för referensanrop jämförelser cachas. Att rensa cachen uppdaterar anropen för varje art nästa gång en jämförelse begärs."],
    "Confidence Threshold-circle-help": ["Bestämmer den minimala säkerheten som krävs för att resultat ska returneras."],
    "Context Mode-circle-help": ["När aktiverat, anpassar kontextläge förutsägelser genom att analysera omgivande kontext. Det kan endast ändras före en analys, och en låg initial säkerhetsgräns rekommenderas, t.ex. 20-30%. Kontextläge är inte tillgängligt i BirdNET-modellen."],
    "Crop Library-circle-help": ["När aktiverat, beskärs ljudfiler som innehåller dagtidsperioder, så att ljudet endast sparas för nattliga perioder."],
    "Debug Mode-circle-help": ["Ange felsökningsläge (ändringar i denna inställning kräver en omstart av Chirpity för att träda i kraft)."],
    "Decorators-circle-help": ["'Pad' lägger till 2 sekunder före och efter ett urval till det exporterade ljudet. 'Fade' lägger till en 1-sekunders fade-effekt i början och slutet av ljudet."],
    "Default Location-circle-help": ["Chirpity använder platsinformation för att fastställa gryning och skymningstider för inspelningar."],
    "Default Settings-circle-help": ["Återställ konfigurationsinställningarna till deras standardvärden. OBS. Starta om Chirpity för att se ändringarna, dessutom måste språkinställningarna ställas in manuellt igen."],
    "Down mix-circle-help": ["När aktiverat, kommer exporterade ljud att mixas ned till mono."],
    "High Pass Filter-circle-help": ["När inställt, tar bort lågfrekvent brus under tröskelvärdet."],
    "IUCN-circle-help": ["När aktiverat, visas den senaste globala IUCN-bedömningsstatusen för varje art i sammanfattningen. Ikonen länkar till bedömningssidan på IUCN:s webbplats. Bedömningsområdet visar IUCN-bedömningen av arten i den regionen (om tillgänglig)."],
    "Language-circle-help": ["Välj ditt föredragna språk för fåglars vanliga namn."],
    "List-circle-help": ["Filtrerar de detektioner som returneras i resultaten. Lokala fåglar: utesluter fåglar som är osannolika att hittas i din region. Nattliga fåglar: utesluter fågelsång och arter som inte är kända för att ropa på natten. Den anpassade listan låter dig ladda upp en fil som listar de arter som ska detekteras."],
    "Low Shelf Filter-circle-help": ["När använt, dämpar lågfrekvent brus under gränsfrekvensen."],
    "Model-circle-help": ["Välj om du vill använda Nocmig-modellen, optimerad för nattliga migrationsanrop i Europa, eller BirdNET, som kan detektera över 6000 arter över hela världen."],
    "Nocmig Mode-circle-help": ["När aktiverat, söker detta 'Nocmig-läge' endast efter och visar endast detekteringar som hittas under natten."],
    "Normalise-circle-help": ["När aktiverat, kommer ljudet du hör att normaliseras, vilket utökar det dynamiska omfånget."],
    "Prevent system sleep-circle-help": ["När aktiverat, förhindrar att systemet går i viloläge medan Chirpity används."],
    "Send Filtered Audio-circle-help": ["Att skicka högpass- eller lågshelf-filtrerat ljud till en modell har vanligtvis en negativ inverkan på dess noggrannhet. Använd detta alternativ med försiktighet!"],
    "Show frequency labels-circle-help": ["När aktiverat, kommer spektrogrammet att visa frekvensen på vänster sida."],
    "Signal to Noise Ratio-circle-help": ["SNR-filtret, när det är aktiverat, hoppar över delar av ljud där något ljudhändelse är under tröskelvärdet. Högre värden hoppar över allt mer bullriga segment. Även om detta resulterar i snabbare bearbetning måste det betraktas som <b><i>experimentellt</i></b> och vilket som helst icke-nollvärde kan missa detekteringar. <b>Tips:</b> För att hitta ett fungerande SNR-värde, kör analys på en kort fil med de svagaste detektionerna du kan identifiera med säkerhet. Öka SNR-värdet tills detektionen inte plockas upp. När du hittar denna tröskel, backa det till den högsta nivån som plockar upp detektionen."],
    "Species Threshold-circle-help": ["Definiera den minsta eBird-checklistans frekvens för artinkludering. Om 'Justera lista för årets vecka' är aktiverad, justeras listan för att inkludera arter förväntade för inspelningsveckan."],
    "Threads-circle-help": ["Antalet parallella analyser att köra. Som standard är detta inställt på antalet CPU-kärnor på maskinen för snabbast prestanda. Med GPU-backend fungerar ett lägre antal bättre, t.ex. 1-3."],
    "Use Location settings-circle-help": ["När aktiverat, rapporterar filtret för nattliga fåglar arter baserat på dina platsinställningar."],
    "Volume Adjustment-circle-help": ["Justera ljudvolymen för att kompensera för låga inspelningsnivåer."],
    "navBarFile": ["Fil"],
    "navbarHelp": ["Hjälp"],
    "navbarRecords": ["Poster"],
    "navbarAnalysis": ["Analys"],
    "navbarSettings": ["Inställningar"],
    "open-file": ["Öppna ljudfil(er)","Ctrl+O"
    ],
    "open-folder": ["Öppna mapp(er)"],
    "saveCSV": ["Exportera resultat till CSV"],
    "save-eBird": ["Exportera eBird registerfil"],
    "save-Raven": ["Exportera Raven urvalstabell"],
    "export-audio": ["Exportera vald ljudfil","Ctrl+E"
    ],
    "saveLabels": ["Spara Audacity etiketter"],
    "exit": ["Avsluta"],
    "save2db": ["Spara till arkiv","Ctrl+S"
    ],
    "charts": ["Visa diagram"],
    "explore": ["Utforska arkiv"],
    "chart-datefilter": ["Tillämpa ett datumfilter"],
    "explore-datefilter": ["Tillämpa ett datumfilter"],
    "active-analysis": ["Återgå till aktiv analys"],
    "compress-and-organise": ["Spara ljud från arkivresultat till bibliotek"],
    "purge-file": ["Ta bort aktuell fil från arkivet"],
    "analyse": ["Analysera aktuell fil","Ctrl+A"
    ],
    "analyseSelection": ["Analysera valt intervall"],
    "analyseAll": ["Analysera alla öppna filer","Ctrl+Shift+A"
    ],
    "retrieve": ["Hämta resultat för aktuell fil"],
      "retrieveAll": ["Hämta resultat för alla öppna filer"],
    "reanalyse": ["Re-analysera aktuell fil"],
    "reanalyseAll": ["Re-analysera alla öppna filer"],
    "usage": ["Använda Chirpity"],
    "settingsHelp": ["Inställningar"],
    "keyboardHelp": ["Tangentbordsgenvägar"],
    "diagnostics": ["Diagnostik"],
    "startTour": ["Visa tur"],
    "bugs": ["Gå med i communityn"],
    "FAQ": ["Vanliga frågor"],
    "species": ["Vilka arter har upptäckts?"],
    "eBird": ["Vad är en eBird-register?"],
    "update-progress": ["Laddar ner uppdatering:"],
    "record-add": ["Lägg till"],
    "record-dismiss": ["Avvisa"],
    "help-modal-close": ["Stäng"],
    "export-list": ["Exportera den inkluderade listan"],
    "go": ["Gå"],
    "set-location": ["Ange plats"],
    "reset-spec-frequency": ["Återställ"],
    "frequency-range-legend":["Spektrogrammets frekvensomfång"],
    "list-file-selector": ["Välj fil"],
    "apply-location": ["Ange"],
    "cancel-location": ["Avbryt"],
    "archive-location-select": ["Bibliotekets plats:"],
    "close-tour": ["Stäng"],
    "settings": {
        "clear-call-cache": ["Rensa referenssamtalscache"],
        "reset-defaults": ["Återställ till standardinställningar"],
        "model-to-use": "Modell:",
        "confidence": "Konfidensnivå:",
        "list-to-use": "Lista:",
        "local": "Använd platsinställningar",
        "species-frequency-threshold": "Arttröskel",
        "species-week": "Justera lista för veckans vecka",
        "nocmig": "Analysera endast nattperioder.",
        "iucn": "Visa IUCN Röd Lista status i sammanfattningen för arter.",
        "iucn-scope": "Bedömningsomfattning:",
        "locale": "Språk:",
        "null": "Dekoratörer:",
        "tensorflow": "CPU",
        "webgl": "WebGL",
        "webgpu": "WebGPU",
        "thread-slider": "Trådar:",
        "batch-size": "Batchstorlek:",
        "audio-notification": "Aktivera analysfullföljande meddelanden",
        "power-save-block": "Förhindra att systemet går i viloläge",
        "font": "Justera teckenstorlek",
        "gain": "Volymjustering:",
        "normalise": "Normalisera ljud",
        "HighPassFrequency": "Högpassfilter:",
        "lowShelfFrequency": "Gränsfrekvens:",
        "attenuation": "Dämpning:",
        "format": "Format:",
        "bitrate": "Bitrate:",
        "quality": "Komprimering:",
        "downmix": "Konvertera till mono",
        "padding": "Fyllning",
        "fade": "Utsuddning",
        "auto-archive": "Lägg till i bibliotek vid sparande",
        "library-trim": "Klipp biblioteksljud till nattperioder",
        "archive-format": "Biblioteksformat:",
        "spec-labels": "Visa frekvenstagg:",
        "colourmap": "Färggalleri:",
        "loud-color": "Toppfärg",
        "mid-color": "Mellanfärg",
        "quiet-color": "Tyst färg",
        "color-threshold-slider": "Mittenposition:",
        "window-function": "Fönsterfunktion:",
        "timelineSetting": "Tidslinje:",
        "send-filtered-audio-to-model": "Skicka filtrerat ljud för analys",
        "context": "Kontextläge",
        "snrValue": "SNR-filter:",
        "debug-mode": "Felsökningsläge"
    },
    "record-entry": {
        "record-entry-modal-label": "Redigera post",
        "call-count": "Antal fågelläten",
        "record-label": "Typ av fågelläte",
        "label-local": "Lokal",
        "label-nocmig": "Nocmig",
        "label-unknown": "Ej specificerat",
        "record-comment": "Kommentarer",
        "record-add": "Lägg till"
    },
    "headings": ["Inställningar","Detektioner",
        "Standardplats",
        "System",
        "Ljudinställningar",
        "Low Shelf-filter",
        "Ljudexport",
        "Ljudbibliotek",
        "Spektrograminställningar",
        "Avancerat"
    ]  
}
