{
  "file-handling": [
    "文件处理"
  ],
  "show-file-open": [
    "显示文件打开对话框"
  ],
  "save-detections": [
    "将检测结果保存到记录档案中"
  ],
  "analysis": [
    "分析"
  ],
  "analyse-file": [
    "分析当前文件"
  ],
  "analyeALL": [
    "分析所有打开的文件"
  ],
  "stop-analysis": [
    "停止分析"
  ],
  "toggle-archive": [
    "在浏览档案和最新分析结果之间切换。这样可以将当前检测与之前记录的结果进行比较。"
  ],
  "navigate-audio": [
    "音频导航"
  ],
  "play-pause": [
    "切换播放/暂停音频"
  ],
  "play-region": [
    "播放选定区域。如果已选择区域，则此功能可用"
  ],
  "center-spec": [
    "将频谱图中心设置为当前播放头位置。此外，如果您在音频的某个位置双击鼠标，它将把频谱图中心定位到该点"
  ],
  "go-to": [
    "跳转到文件中的位置"
  ],
  "file-begin": [
    "将播放头移至文件开头"
  ],
  "file-end": [
    "将播放头移至文件末尾"
  ],
  "pageup": [
    "返回频谱图中的上一个时间段。您也可以使用鼠标滚轮或双指触控板滑动"
  ],
  "pagedown": [
    "前进到频谱图中的下一个时间段"
  ],
  "skip-forward": [
    "将播放头向前移动"
  ],
  "skip-back": [
    "将播放头向后移动"
  ],
  "next-detection": [
    "跳到下一个检测结果"
  ],
  "previous-detection": [
    "跳回到上一个检测结果"
  ],
  "spec-adjust": [
    "频谱图调整"
  ],
  "zoom-in": [
    "放大频谱图。缩放时，Chirpity 会自动调整短时傅里叶变换（STFT）窗口大小，以优化频谱分辨率"
  ],
  "zoom-out": [
    "缩小频谱图。缩放时，Chirpity 会自动调整 STFT 窗口大小，以优化频谱分辨率"
  ],
  "reduce-fft": [
    "手动减小频谱图窗口大小。调整窗口大小会使频谱图中的声音更加锐利或模糊"
  ],
  "increase-fft": [
    "手动增加频谱图窗口大小"
  ],
  "timeline-toggle": [
    "在时间码和一天中的时间之间切换"
  ],
  "records": [
    "记录"
  ],
  "delete": [
    "删除当前记录"
  ],
  "undo": [
    "恢复已删除的记录"
  ],
  "validate": [
    "验证当前活动记录（确认检测）"
  ]
}
