{
  "file-handling": [
    "Обработка файлов"
    ],
    "show-file-open": [
      "Показать диалоговое окно открытия файла"
    ],
    "save-detections": [
      "Сохранить детекции в архив записей."
    ],
    "analysis": [
      "Анализ"
    ],
    "analyse-file": [
      "Анализировать текущий файл."
    ],
    "analyeALL": [
      "Анализировать все открытые файлы."
    ],
    "stop-analysis": [
      "Остановить анализ"
    ],
    "toggle-archive": [
      "Переключение между исследованием архива и последними результатами анализа. Это позволяет вам сравнивать текущие детекции с теми, что вы записали ранее."
    ],
    "navigate-audio": [
      "Навигация по аудио"
    ],
    "play-pause": [
      "Переключить воспроизведение/пауза аудио"
    ],
    "play-region": [
      "Воспроизвести выбранную область. Активно только при выбранной области."
    ],
    "center-spec": [
      "Центрировать спектрограмму в текущем положении головки воспроизведения. Также, если вы дважды щелкнете мышью в точке аудио, спектрограмма будет центрирована на этом пункте."
    ],
    "go-to": [
      "Перейти к позиции в файле"
    ],
    "file-begin": [
      "Переместить головку воспроизведения в начало файла"
    ],
    "file-end": [
      "Переместить головку воспроизведения в конец файла"
    ],
    "pageup": [
      "Переместиться назад к предыдущему периоду в спектрограмме. Также можно использовать колесо мыши или смахивание двумя пальцами на тачпаде."
    ],
    "pagedown": [
      "Переместиться вперед к следующему периоду в спектрограмме"
    ],
    "skip-forward": [
      "Переместить головку воспроизведения вперед."
    ],
    "skip-back": [
      "Переместить головку воспроизведения назад."
    ],
    "next-detection": [
      "Перейти к следующей детекции"
    ],
    "previous-detection": [
      "Перейти к предыдущей детекции"
    ],
    "spec-adjust": [
      "Настройки спектрограммы"
    ],
    "zoom-in": [
      "Приблизить спектрограмму. При масштабировании Chirpity автоматически регулирует размер окна короткосрочного преобразования Фурье (STFT) для оптимизации спектрального разрешения"
    ],
    "zoom-out": [
      "Отдалить спектрограмму. При масштабировании Chirpity автоматически регулирует размер окна STFT для оптимизации спектрального разрешения"
    ],
    "reduce-fft": [
      "Ручная регулировка размера окна спектрограммы. Изменение размера окна влияет на резкость или размытость звуков в спектрограмме."
    ],
    "increase-fft": [
      "Ручное увеличение размера окна спектрограммы"
    ],
    "timeline-toggle": [
      "Переключение между временным кодом и временем суток"
    ],
    "records": [
      "Записи"
    ],
    "delete": [
      "Удалить текущую запись"
    ],
    "undo": [
      "Восстановить удаленную запись(и)"
    ],
    "validate": [
      "Подтвердить текущую активную запись (подтвердить детекцию)"
    ]
  }
  